<?xml version="1.0" encoding="UTF-8"?>
<project-private xmlns="http://www.netbeans.org/ns/project-private/1">
    <editor-bookmarks xmlns="http://www.netbeans.org/ns/editor-bookmarks/2" lastBookmarkId="0"/>
    <open-files xmlns="http://www.netbeans.org/ns/projectui-open-files/2">
        <group>
            <file>file:/C:/Users/Aitor%20PC/Documents/NetBeansProjects/TareaFinalProgamacion/src/paneles/p_GestorPrin.java</file>
            <file>file:/C:/Users/Aitor%20PC/Documents/NetBeansProjects/TareaFinalProgamacion/src/tareafinalprogamacion/Main.java</file>
            <file>file:/C:/Users/Aitor%20PC/Documents/NetBeansProjects/TareaFinalProgamacion/src/paneles/MainFrame.java</file>
            <file>file:/C:/Users/Aitor%20PC/Documents/NetBeansProjects/TareaFinalProgamacion/src/tareafinalprogamacion/Empleado.java</file>
            <file>file:/C:/Users/Aitor%20PC/Documents/NetBeansProjects/TareaFinalProgamacion/src/paneles/RegScr.java</file>
            <file>file:/C:/Users/Aitor%20PC/Documents/NetBeansProjects/TareaFinalProgamacion/src/BD/DB_methods.java</file>
            <file>file:/C:/Users/Aitor%20PC/Documents/NetBeansProjects/TareaFinalProgamacion/src/paneles/p_LogIn.java</file>
            <file>file:/C:/Users/Aitor%20PC/Documents/NetBeansProjects/TareaFinalProgamacion/src/paneles/p_NuevoUs.java</file>
            <file>file:/C:/Users/Aitor%20PC/Documents/NetBeansProjects/TareaFinalProgamacion/src/BD/DB_class.java</file>
        </group>
    </open-files>
</project-private>
