<?xml version="1.0" encoding="UTF-8"?>
<!DOCTYPE fontscolors PUBLIC "-//NetBeans//DTD Editor Fonts and Colors settings 1.2//EN" "https://netbeans.apache.org/dtds/EditorFontsColors-1_2.dtd">
<fontscolors>
    <fontcolor foreColor="ff6633ff" name="number"/>
    <fontcolor foreColor="ff9966ff" name="identifier"/>
    <fontcolor foreColor="orange" name="string"/>
    <fontcolor foreColor="magenta" name="char"/>
    <fontcolor name="warning" waveUnderlined="yellow"/>
    <fontcolor foreColor="cyan" name="comment"/>
    <fontcolor foreColor="green" name="abstract"/>
    <fontcolor foreColor="ffff3333" name="keyword"/>
    <fontcolor name="separator"/>
    <fontcolor name="url" underline="blue"/>
</fontscolors>
